순위, 곡명, 가수, 앨범, 좋아요
1,Love Lee,AKMU (악뮤),Love Lee,87423
2,후라이의 꿈,AKMU (악뮤),Love Lee,81160
3,Seven (feat. Latto) - Clean Ver.,정국,Seven (feat. Latto) - Clean Ver.,183866
4,Smoke (Prod. Dynamicduo, Padi),다이나믹 듀오,스트릿 우먼 파이터2(SWF2) 계급미션,38807
5,Super Shy,NewJeans,NewJeans 2nd EP 'Get Up',148798
6,ETA,NewJeans,NewJeans 2nd EP 'Get Up',104782
7,Fast Forward,전소미,GAME PLAN,59466
8,사막에서 꽃을 피우듯,우디 (Woody),사막에서 꽃을 피우듯,58298
9,I Love My Body,화사 (HWASA),I Love My Body,22379
10,헤어지자 말해요,박재정,1집 Alone,134229
11,3D (feat. Jack Harlow),정국,3D (feat. Jack Harlow),37156
12,사랑은 늘 도망가,임영웅,신사와 아가씨 OST Part.2,203260
13,I AM,IVE (아이브),I've IVE,198528
14,Bubble,STAYC(스테이씨),TEENFRESH,39278
15,모래 알갱이,임영웅,모래 알갱이,51645
16,Still With You,정국,Still With You,108470
17,우리들의 블루스,임영웅,IM HERO,98502
18,퀸카 (Queencard),(여자)아이들,I feel,134749
19,다시 만날 수 있을까,임영웅,IM HERO,80179
20,잘 지내자, 우리 (여름날 우리 X 로이킴),로이킴,잘 지내자, 우리 (여름날 우리 X 로이킴),42863
21,Hype boy,NewJeans,NewJeans 1st EP 'New Jeans',280664
22,Get A Guitar,RIIZE,Get A Guitar,31134
23,Either Way,IVE (아이브),Off The Record,30519
24,이제 나만 믿어요,임영웅,내일은 미스터트롯 우승자 특전곡,170876
25,무지개,임영웅,IM HERO,68635
26,Steal The Show (From “엘리멘탈”),Lauv,Steal The Show (From “엘리멘탈”),149924
27,아버지,임영웅,IM HERO,55930
28,Spicy,aespa,MY WORLD - The 3rd Mini Album,122969
29,London Boy,임영웅,Polaroid,56346
30,Polaroid,임영웅,Polaroid,50952
31,이브, 프시케 그리고 푸른 수염의 아내,LE SSERAFIM (르세라핌),UNFORGIVEN,107081
32,Ditto,NewJeans,NewJeans 'OMG',270943
33,인생찬가,임영웅,IM HERO,51640
34,Kitsch,IVE (아이브),I've IVE,150491
35,A bientot,임영웅,IM HERO,52881
36,Love Me Again,V,Layover,49549
37,손이 참 곱던 그대,임영웅,IM HERO,50530
38,사랑해 진짜,임영웅,IM HERO,51701
39,연애편지,임영웅,IM HERO,49603
40,Dynamite,방탄소년단,Dynamite (DayTime Version),458657
41,New Jeans,NewJeans,NewJeans 2nd EP 'Get Up',76413
42,CAKE,ITZY (있지),KILL MY DOUBT,28554
43,너의 모든 순간,성시경,별에서 온 그대 OST Part.7,276590
44,Summer (Feat. BE’O (비오)),Paul Blanco,Summer,119161
45,UNFORGIVEN (feat. Nile Rodgers),LE SSERAFIM (르세라핌),UNFORGIVEN,117064
46,보금자리,임영웅,IM HERO,49134
47,사건의 지평선,윤하 (YOUNHA),YOUNHA 6th Album Repackage 'END THEORY : Final Edition',312959
48,KIDDING,이세계아이돌,KIDDING,49509
49,After LIKE,IVE (아이브),After LIKE,236829
50,OMG,NewJeans,NewJeans 'OMG',193750
