point,temp,hum
강릉,17.6,44
강진군,16.0,55
강화,15.1,45
거제,17.3,46
거창,14.5,59
경주시,17.5,44
고산,18.4,57
고창,17.8,47
고창군,17.8,45
고흥,16.8,54
광양시,16.7,49
광주,17.3,51
구미,17.0,44
군산,17.7,44
금산,15.2,55
김해시,17.5,55
남원,15.6,56
남해,16.4,47
대관령,9.7,72
대구,17.2,43
대전,16.1,44
동두천,13.7,60
동해,18.3,40
목포,16.7,54
문경,14.4,60
밀양,16.8,43
백령도,19.1,41
보령,17.6,44
보성군,16.3,55
보은,13.5,64
봉화,12.9,61
부산,20.6,33
부안,17.6,46
부여,15.9,63
북강릉,17.6,35
북부산,17.9,44
북창원,17.9,46
북춘천,10.4,86
산청,15.5,55
상주,15.6,59
서귀포,22.2,58
서산,17.2,45
서울,14.9,50
서청주,14.1,62
성산,18.5,54
세종,15.4,58
속초,19.1,34
수원,15.9,40
순창군,16.5,44
순천,14.8,50
안동,13.6,63
양산시,19.2,41
양평,12.6,64
여수,16.3,54
영광군,17.1,51
영덕,18.6,49
영월,11.2,73
영주,13.2,61
영천,16.8,49
완도,16.9,46
울릉도,20.0,52
울산,17.6,43
울진,20.2,48
원주,13.1,60
의령군,18.9,41
의성,14.9,60
이천,13.3,68
인제,10.3,82
인천,15.7,48
임실,16.3,44
장수,15.0,45
장흥,15.7,54
전주,16.5,43
정선군,11.4,65
정읍,17.4,43
제주,20.0,45
제천,11.8,70
진도군,17.0,51
진주,17.3,54
창원,16.8,46
천안,14.0,61
철원,11.4,71
청송군,14.5,66
청주,15.4,58
추풍령,14.8,48
춘천,11.3,73
충주,12.9,74
태백,13.6,46
통영,18.4,46
파주,12.8,67
포항,18.4,42
함양군,15.1,57
합천,15.7,53
해남,15.9,61
홍성,16.2,49
홍천,9.7,76
흑산도,18.3,68
