순위,제목,가수,앨범,좋아요 수
1,Love Lee,AKMU (악뮤),Love Lee,87436
2,후라이의 꿈,AKMU (악뮤),Love Lee,81181
3,Seven (feat. Latto) - Clean Ver.,정국,Seven (feat. Latto) - Clean Ver.,183870
4,"Smoke (Prod. Dynamicduo, Padi)",다이나믹 듀오,스트릿 우먼 파이터2(SWF2) 계급미션,38811
5,Super Shy,NewJeans,NewJeans 2nd EP 'Get Up',148804
6,ETA,NewJeans,NewJeans 2nd EP 'Get Up',104785
7,Fast Forward,전소미,GAME PLAN,59472
8,사막에서 꽃을 피우듯,우디 (Woody),사막에서 꽃을 피우듯,58303
9,I Love My Body,화사 (HWASA),I Love My Body,22388
10,헤어지자 말해요,박재정,1집 Alone,134237
11,3D (feat. Jack Harlow),정국,3D (feat. Jack Harlow),37173
12,I AM,IVE (아이브),I've IVE,198532
13,사랑은 늘 도망가,임영웅,신사와 아가씨 OST Part.2,203261
14,Bubble,STAYC(스테이씨),TEENFRESH,39287
15,모래 알갱이,임영웅,모래 알갱이,51649
16,Either Way,IVE (아이브),Off The Record,30587
17,퀸카 (Queencard),(여자)아이들,I feel,134748
18,Still With You,정국,Still With You,108477
19,우리들의 블루스,임영웅,IM HERO,98502
20,Fact Check (불가사의; 不可思議),NCT 127,Fact Check - The 5th Album,12227
21,Get A Guitar,RIIZE,Get A Guitar,31157
22,"잘 지내자, 우리 (여름날 우리 X 로이킴)",로이킴,"잘 지내자, 우리 (여름날 우리 X 로이킴)",42874
23,다시 만날 수 있을까,임영웅,IM HERO,80179
24,Hype boy,NewJeans,NewJeans 1st EP 'New Jeans',280665
25,Steal The Show (From “엘리멘탈”),Lauv,Steal The Show (From “엘리멘탈”),149930
26,이제 나만 믿어요,임영웅,내일은 미스터트롯 우승자 특전곡,170877
27,무지개,임영웅,IM HERO,68635
28,Spicy,aespa,MY WORLD - The 3rd Mini Album,122968
29,아버지,임영웅,IM HERO,55930
30,"이브, 프시케 그리고 푸른 수염의 아내",LE SSERAFIM (르세라핌),UNFORGIVEN,107081
31,London Boy,임영웅,Polaroid,56346
32,Ditto,NewJeans,NewJeans 'OMG',270941
33,Polaroid,임영웅,Polaroid,50953
34,Kitsch,IVE (아이브),I've IVE,150494
35,Love Me Again,V,Layover,49554
36,인생찬가,임영웅,IM HERO,51640
37,New Jeans,NewJeans,NewJeans 2nd EP 'Get Up',76416
38,CAKE,ITZY (있지),KILL MY DOUBT,28555
39,A bientot,임영웅,IM HERO,52883
40,Dynamite,방탄소년단,Dynamite (DayTime Version),458660
41,손이 참 곱던 그대,임영웅,IM HERO,50530
42,사랑해 진짜,임영웅,IM HERO,51702
43,사건의 지평선,윤하 (YOUNHA),YOUNHA 6th Album Repackage 'END THEORY : Final Edition',312961
44,너의 모든 순간,성시경,별에서 온 그대 OST Part.7,276592
45,Summer (Feat. BE’O (비오)),Paul Blanco,Summer,119161
46,연애편지,임영웅,IM HERO,49603
47,KIDDING,이세계아이돌,KIDDING,49513
48,After LIKE,IVE (아이브),After LIKE,236832
49,UNFORGIVEN (feat. Nile Rodgers),LE SSERAFIM (르세라핌),UNFORGIVEN,117061
50,사랑인가 봐,멜로망스,사랑인가 봐 (사내맞선 OST 스페셜 트랙),194536
51,LOVE DIVE,IVE (아이브),LOVE DIVE,243107
52,OMG,NewJeans,NewJeans 'OMG',193751
53,"어떻게 이별까지 사랑하겠어, 널 사랑하는 거지",AKMU (악뮤),항해,418028
54,I Don't Think That I Like Her,Charlie Puth,CHARLIE,186159
55,심(心),DK(디셈버),심(心),64385
56,Attention,NewJeans,NewJeans 1st EP 'New Jeans',235054
57,Slow Dancing,V,Layover,32582
58,보금자리,임영웅,IM HERO,49136
59,나에게 그대만이,탑현,나에게 그대만이,38850
60,Butter,방탄소년단,Butter,292965
61,I WANT,IVE (아이브),I WANT,38606
62,Vancouver 2,BIG Naughty (서동현),Vancouver 2,27160
63,봄날,방탄소년단,YOU NEVER WALK ALONE,551292
64,사랑하지 않아서 그랬어,임한별,사랑하지 않아서 그랬어,42376
65,물론,허각,물론,41948
66,손오공,세븐틴 (SEVENTEEN),SEVENTEEN 10th Mini Album ‘FML',152328
67,Dangerously,Charlie Puth,Nine Track Mind (Deluxe Edition),193585
68,꽃,지수 (JISOO),ME,120369
69,Baggy Jeans,NCT U,Golden Age - The 4th Album,32312
70,취중고백,김민석 (멜로망스),취중고백,173628
71,Rainy Days,V,Layover,39108
72,Dreamers [Music from the FIFA World Cup Qatar 2022 Official Soundtrack] (Feat. FIFA Sound),정국,Dreamers [Music from the FIFA World Cup Qatar 2022 Official Soundtrack],130966
73,무중력 (Space),NCT 127,Fact Check - The 5th Album,7529
74,별 떨어진다 (I Do),디오 (D.O.),기대 - The 2nd Mini Album,29435
75,Like Crazy,지민,FACE,69078
76,건물 사이에 피어난 장미 (Rose Blossom),H1-KEY (하이키),H1-KEY 1st Mini Album [Rose Blossom],93859
77,Teddy Bear,STAYC(스테이씨),Teddy Bear,104719
78,You & Me,제니 (JENNIE),JENNIE Special Single [You & Me],3651
79,미친 사랑의 노래,김연지,미친 사랑의 노래,8400
80,Cool With You,NewJeans,NewJeans 2nd EP 'Get Up',47079
81,다정히 내 이름을 부르면,경서예지,다정히 내 이름을 부르면 (경서예지 x 전건호),178165
82,주저하는 연인들을 위해,잔나비,전설,398052
83,해요 (2022),#안녕,해요 (2022),88192
84,파이팅 해야지 (Feat. 이영지),부석순 (SEVENTEEN),부석순 1st Single Album 'SECOND WIND',171861
85,Take Two,방탄소년단,Take Two,68313
86,Somebody,디오 (D.O.),기대 - The 2nd Mini Album,24581
87,Click Like (Prod. Crush) (Feat. Paul Blanco),Crush,스트릿 우먼 파이터2(SWF2) 계급미션,15818
88,사실말야내가말야그게그러니까말이야,케이시 (Kassy),사실말야내가말야그게그러니까말이야,31446
89,사람 Pt.2 (feat. 아이유),Agust D,D-DAY,77779
90,STAY,The Kid LAROI,Stay,272958
91,Parade (행진),NCT 127,Fact Check - The 5th Album,6647
92,ANTIFRAGILE,LE SSERAFIM (르세라핌),ANTIFRAGILE,168291
93,Angel Eyes,NCT 127,Fact Check - The 5th Album,6831
94,그중에 그대를 만나,김호중,삼남매가 용감하게 OST Part.1,22236
95,사랑의 바보,제이세라,사랑의 바보,19867
96,민들레 (single ver.),우효,민들레,133401
97,Better Things,aespa,Better Things,26805
98,Candy,NCT DREAM,Candy - Winter Special Mini Album,168054
99,잠깐 시간 될까,이무진,잠깐 시간 될까,59525
100,사랑..그게 뭔데,지아,사랑..그게 뭔데,27249
